run_dir,run_name,sweep,group,variant,model,seed,status,test_acc,test_loss,best_val_acc,epochs_trained,train_time_sec,num_parameters,amp,git_commit,slurm_job
runs/augmentation_ablation/tinyvgg_full_seed0/tinyvgg,tinyvgg_full_seed0,augmentation_ablation,tinyvgg|full,full,tinyvgg,0,finished,0.911,0.25648722120523454,0.91775,31,112.4585702419281,142794,bf16,df66b1d31b19dd06bfcaaea1eb4010ca3142c670,488355
runs/augmentation_ablation/tinyvgg_full_seed1/tinyvgg,tinyvgg_full_seed1,augmentation_ablation,tinyvgg|full,full,tinyvgg,1,finished,0.926,0.211197844684124,0.9324166666666667,69,243.37631273269653,142794,bf16,df66b1d31b19dd06bfcaaea1eb4010ca3142c670,488355
runs/augmentation_ablation/tinyvgg_full_seed2/tinyvgg,tinyvgg_full_seed2,augmentation_ablation,tinyvgg|full,full,tinyvgg,2,finished,0.9282,0.21854819749593735,0.9325833333333333,62,349.8580756187439,142794,bf16,df66b1d31b19dd06bfcaaea1eb4010ca3142c670,488355
runs/augmentation_ablation/tinyvgg_full_seed3/tinyvgg,tinyvgg_full_seed3,augmentation_ablation,tinyvgg|full,full,tinyvgg,3,finished,0.9263,0.2118114010810852,0.93825,65,529.9631259441376,142794,bf16,df66b1d31b19dd06bfcaaea1eb4010ca3142c670,488355
runs/augmentation_ablation/tinyvgg_full_seed4/tinyvgg,tinyvgg_full_seed4,augmentation_ablation,tinyvgg|full,full,tinyvgg,4,finished,0.9275,0.20600598001480103,0.9383333333333334,75,568.7901477813721,142794,bf16,df66b1d31b19dd06bfcaaea1eb4010ca3142c670,488355
runs/augmentation_ablation/tinyvgg_no_aug_seed0/tinyvgg,tinyvgg_no_aug_seed0,augmentation_ablation,tinyvgg|no_aug,no_aug,tinyvgg,0,finished,0.918,0.3243951586075127,0.9225833333333333,16,52.42223358154297,142794,bf16,df66b1d31b19dd06bfcaaea1eb4010ca3142c670,488355
runs/augmentation_ablation/tinyvgg_no_aug_seed1/tinyvgg,tinyvgg_no_aug_seed1,augmentation_ablation,tinyvgg|no_aug,no_aug,tinyvgg,1,finished,0.9166,0.2642224558919668,0.9225833333333333,18,121.88899612426758,142794,bf16,df66b1d31b19dd06bfcaaea1eb4010ca3142c670,488355
runs/augmentation_ablation/tinyvgg_no_aug_seed2/tinyvgg,tinyvgg_no_aug_seed2,augmentation_ablation,tinyvgg|no_aug,no_aug,tinyvgg,2,finished,0.9181,0.23233564394712447,0.9268333333333333,15,48.84988880157471,142794,bf16,df66b1d31b19dd06bfcaaea1eb4010ca3142c670,488355
runs/augmentation_ablation/tinyvgg_no_aug_seed3/tinyvgg,tinyvgg_no_aug_seed3,augmentation_ablation,tinyvgg|no_aug,no_aug,tinyvgg,3,finished,0.915,0.3707228423014283,0.9244166666666667,23,72.36539936065674,142794,bf16,df66b1d31b19dd06bfcaaea1eb4010ca3142c670,488355
runs/augmentation_ablation/tinyvgg_no_aug_seed4/tinyvgg,tinyvgg_no_aug_seed4,augmentation_ablation,tinyvgg|no_aug,no_aug,tinyvgg,4,finished,0.9186,0.28552240027785303,0.9258333333333333,18,57.92837429046631,142794,bf16,df66b1d31b19dd06bfcaaea1eb4010ca3142c670,488355
runs/augmentation_ablation/tinyvgg_no_crop_seed0/tinyvgg,tinyvgg_no_crop_seed0,augmentation_ablation,tinyvgg|no_crop,no_crop,tinyvgg,0,finished,0.9277,0.20726144083738327,0.9335833333333333,31,111.05739617347717,142794,bf16,df66b1d31b19dd06bfcaaea1eb4010ca3142c670,488355
runs/augmentation_ablation/tinyvgg_no_crop_seed1/tinyvgg,tinyvgg_no_crop_seed1,augmentation_ablation,tinyvgg|no_crop,no_crop,tinyvgg,1,finished,0.9316,0.20661566185951233,0.9304166666666667,35,124.20827007293701,142794,bf16,df66b1d31b19dd06bfcaaea1eb4010ca3142c670,488355
runs/augmentation_ablation/tinyvgg_no_crop_seed2/tinyvgg,tinyvgg_no_crop_seed2,augmentation_ablation,tinyvgg|no_crop,no_crop,tinyvgg,2,finished,0.936,0.18827699654400348,0.938,57,461.02220392227173,142794,bf16,df66b1d31b19dd06bfcaaea1eb4010ca3142c670,488355
runs/augmentation_ablation/tinyvgg_no_crop_seed3/tinyvgg,tinyvgg_no_crop_seed3,augmentation_ablation,tinyvgg|no_crop,no_crop,tinyvgg,3,finished,0.9398,0.1841023948431015,0.9458333333333333,66,481.651061296463,142794,bf16,df66b1d31b19dd06bfcaaea1eb4010ca3142c670,488355
runs/augmentation_ablation/tinyvgg_no_crop_seed4/tinyvgg,tinyvgg_no_crop_seed4,augmentation_ablation,tinyvgg|no_crop,no_crop,tinyvgg,4,finished,0.9312,0.20220736117959023,0.9376666666666666,36,128.42740607261658,142794,bf16,df66b1d31b19dd06bfcaaea1eb4010ca3142c670,488355
runs/augmentation_ablation/tinyvgg_no_flip_seed0/tinyvgg,tinyvgg_no_flip_seed0,augmentation_ablation,tinyvgg|no_flip,no_flip,tinyvgg,0,finished,0.9255,0.21536867161393167,0.9295833333333333,48,169.5394480228424,142794,bf16,df66b1d31b19dd06bfcaaea1eb4010ca3142c670,488355
runs/augmentation_ablation/tinyvgg_no_flip_seed1/tinyvgg,tinyvgg_no_flip_seed1,augmentation_ablation,tinyvgg|no_flip,no_flip,tinyvgg,1,finished,0.9285,0.20781221170425415,0.9330833333333334,69,517.9061231613159,142794,bf16,df66b1d31b19dd06bfcaaea1eb4010ca3142c670,488355
runs/augmentation_ablation/tinyvgg_no_flip_seed2/tinyvgg,tinyvgg_no_flip_seed2,augmentation_ablation,tinyvgg|no_flip,no_flip,tinyvgg,2,finished,0.9253,0.20723126284480095,0.9323333333333333,52,293.7878317832947,142794,bf16,df66b1d31b19dd06bfcaaea1eb4010ca3142c670,488355
runs/augmentation_ablation/tinyvgg_no_flip_seed3/tinyvgg,tinyvgg_no_flip_seed3,augmentation_ablation,tinyvgg|no_flip,no_flip,tinyvgg,3,finished,0.9312,0.20493501236438752,0.9399166666666666,64,227.24983406066895,142794,bf16,df66b1d31b19dd06bfcaaea1eb4010ca3142c670,488355
runs/augmentation_ablation/tinyvgg_no_flip_seed4/tinyvgg,tinyvgg_no_flip_seed4,augmentation_ablation,tinyvgg|no_flip,no_flip,tinyvgg,4,finished,0.9187,0.23646690385341645,0.926,36,129.50885152816772,142794,bf16,df66b1d31b19dd06bfcaaea1eb4010ca3142c670,488355
runs/augmentation_ablation/tinyvgg_no_mixup_cutmix_seed0/tinyvgg,tinyvgg_no_mixup_cutmix_seed0,augmentation_ablation,tinyvgg|no_mixup_cutmix,no_mixup_cutmix,tinyvgg,0,finished,0.9253,0.21924890896081925,0.9345833333333333,75,258.2658281326294,142794,bf16,df66b1d31b19dd06bfcaaea1eb4010ca3142c670,488355
runs/augmentation_ablation/tinyvgg_no_mixup_cutmix_seed1/tinyvgg,tinyvgg_no_mixup_cutmix_seed1,augmentation_ablation,tinyvgg|no_mixup_cutmix,no_mixup_cutmix,tinyvgg,1,finished,0.9294,0.21330739287137984,0.931,65,482.897501707077,142794,bf16,df66b1d31b19dd06bfcaaea1eb4010ca3142c670,488355
runs/augmentation_ablation/tinyvgg_no_mixup_cutmix_seed2/tinyvgg,tinyvgg_no_mixup_cutmix_seed2,augmentation_ablation,tinyvgg|no_mixup_cutmix,no_mixup_cutmix,tinyvgg,2,finished,0.9192,0.23666428276598453,0.9230833333333334,41,144.2326021194458,142794,bf16,df66b1d31b19dd06bfcaaea1eb4010ca3142c670,488355
runs/augmentation_ablation/tinyvgg_no_mixup_cutmix_seed3/tinyvgg,tinyvgg_no_mixup_cutmix_seed3,augmentation_ablation,tinyvgg|no_mixup_cutmix,no_mixup_cutmix,tinyvgg,3,finished,0.9266,0.21077976060509682,0.9391666666666667,75,409.85582756996155,142794,bf16,df66b1d31b19dd06bfcaaea1eb4010ca3142c670,488355
runs/augmentation_ablation/tinyvgg_no_mixup_cutmix_seed4/tinyvgg,tinyvgg_no_mixup_cutmix_seed4,augmentation_ablation,tinyvgg|no_mixup_cutmix,no_mixup_cutmix,tinyvgg,4,finished,0.914,0.24110514219403267,0.9254166666666667,36,126.40926575660706,142794,bf16,df66b1d31b19dd06bfcaaea1eb4010ca3142c670,488355
runs/augmentation_ablation/tinyvgg_no_rotation_seed0/tinyvgg,tinyvgg_no_rotation_seed0,augmentation_ablation,tinyvgg|no_rotation,no_rotation,tinyvgg,0,finished,0.9283,0.20605057066679,0.9346666666666666,49,158.8464686870575,142794,bf16,df66b1d31b19dd06bfcaaea1eb4010ca3142c670,488355
runs/augmentation_ablation/tinyvgg_no_rotation_seed1/tinyvgg,tinyvgg_no_rotation_seed1,augmentation_ablation,tinyvgg|no_rotation,no_rotation,tinyvgg,1,finished,0.9306,0.20393437725305558,0.93475,64,206.72242951393127,142794,bf16,df66b1d31b19dd06bfcaaea1eb4010ca3142c670,488355
runs/augmentation_ablation/tinyvgg_no_rotation_seed2/tinyvgg,tinyvgg_no_rotation_seed2,augmentation_ablation,tinyvgg|no_rotation,no_rotation,tinyvgg,2,finished,0.9299,0.20343027170300484,0.936,58,425.2738502025604,142794,bf16,df66b1d31b19dd06bfcaaea1eb4010ca3142c670,488355
runs/augmentation_ablation/tinyvgg_no_rotation_seed3/tinyvgg,tinyvgg_no_rotation_seed3,augmentation_ablation,tinyvgg|no_rotation,no_rotation,tinyvgg,3,finished,0.9215,0.23094717586040497,0.9289166666666666,29,196.18542766571045,142794,bf16,df66b1d31b19dd06bfcaaea1eb4010ca3142c670,488355
runs/augmentation_ablation/tinyvgg_no_rotation_seed4/tinyvgg,tinyvgg_no_rotation_seed4,augmentation_ablation,tinyvgg|no_rotation,no_rotation,tinyvgg,4,finished,0.936,0.19316087896823883,0.9423333333333334,68,342.51654529571533,142794,bf16,df66b1d31b19dd06bfcaaea1eb4010ca3142c670,488355
