run_dir,group,variant,model,seed,accuracy,macro_f1,nll,brier,ece,mce,temperature,nll_ts,ece_ts,mean_corruption_error,relative_mce,err_gaussian_noise,err_gaussian_blur,err_contrast,err_brightness,err_rotation,err_translation,err_occlusion,top_confusion
runs/augmentation_fixed/tinyvgg_full_seed0/tinyvgg,tinyvgg|full,full,tinyvgg,0,0.9168999791145325,0.9164230250652139,0.23866450786590576,0.12281877547502518,0.006061930373311043,0.24064746499061584,0.8997265696525574,0.23818500339984894,0.0109180717125535,0.3077057089124407,0.22460568802697317,0.47685999274253843,0.20791999101638792,0.45487999320030215,0.44298000335693355,0.2795999884605408,0.17757999897003174,0.11411999464035039,Shirt->T-shirt/top
runs/augmentation_fixed/tinyvgg_legacy_seed0/tinyvgg,tinyvgg|legacy,legacy,tinyvgg,0,0.9110000133514404,0.9095760995632336,0.2564872205257416,0.12976542115211487,0.007678445240855218,0.055081576108932495,0.8778022527694702,0.25562214851379395,0.011495033395290375,0.3198114280189786,0.23081144137041903,0.5107000023126602,0.20012000799179075,0.42913998961448674,0.43319998979568486,0.2782200038433075,0.22253999710083006,0.16476000547409053,Shirt->T-shirt/top
runs/augmentation_fixed/tinyvgg_no_aug_seed0/tinyvgg,tinyvgg|no_aug,no_aug,tinyvgg,0,0.9223999977111816,0.9224768964617944,0.24075202643871307,0.11867924779653549,0.021692009991407395,0.14989922940731049,1.2986925840377808,0.22738949954509735,0.007283079737424851,0.26956286004611424,0.19196285775729588,0.28802000880241396,0.1328000068664551,0.1861999988555908,0.1960000038146973,0.3987800031900406,0.5383200019598007,0.14681999683380131,Shirt->T-shirt/top
runs/augmentation_fixed/tinyvgg_no_crop_seed0/tinyvgg,tinyvgg|no_crop,no_crop,tinyvgg,0,0.9383999705314636,0.9380707627822927,0.19164983928203583,0.09469879418611526,0.0066259223982691766,0.7576078623533249,0.9388953447341919,0.19191481173038483,0.00873966033309698,0.264797141296523,0.2031971118279866,0.4063800036907196,0.16013998985290523,0.22777999043464658,0.2687800049781799,0.2873800039291382,0.41763999760150905,0.08547999858856203,Shirt->T-shirt/top
runs/augmentation_fixed/tinyvgg_no_flip_seed0/tinyvgg,tinyvgg|no_flip,no_flip,tinyvgg,0,0.9218000173568726,0.9210520384964062,0.2242734432220459,0.11409067362546921,0.007681766548752786,0.10968104004859924,0.9002121686935425,0.22387225925922394,0.009980000856518748,0.32829999753407074,0.2501000148909433,0.518520000576973,0.21291999816894536,0.5612800031900406,0.5263599932193757,0.22726000547409053,0.1422799944877624,0.1094799876213074,Shirt->T-shirt/top
runs/augmentation_fixed/tinyvgg_no_mixup_cutmix_seed0/tinyvgg,tinyvgg|no_mixup_cutmix,no_mixup_cutmix,tinyvgg,0,0.9283000230789185,0.928018721843997,0.21187500655651093,0.10635212063789368,0.015498738417029381,0.24777546525001526,1.1712360382080078,0.20567980408668518,0.005853462171554566,0.38614000337464466,0.3144400264535631,0.49647999703884127,0.22828000783920288,0.683040001988411,0.7030999958515167,0.24002001285552976,0.18023999929428103,0.17182000875473025,Shirt->T-shirt/top
runs/augmentation_fixed/tinyvgg_no_rotation_seed0/tinyvgg,tinyvgg|no_rotation,no_rotation,tinyvgg,0,0.9329000115394592,0.932606956036579,0.197041854262352,0.09942948073148727,0.00568107068836689,0.25631606578826904,0.890596330165863,0.1965736746788025,0.009454563467204571,0.3135771474667957,0.24647715900625494,0.5741600066423416,0.21252000331878662,0.45313999950885775,0.40538000464439394,0.3211400002241135,0.1353600144386291,0.09334000349044802,Shirt->T-shirt/top
runs/augmentation_fixed/tinyvgg_full_seed1/tinyvgg,tinyvgg|full,full,tinyvgg,1,0.9284999966621399,0.928300727860211,0.20701591670513153,0.10585527122020721,0.007071841008961201,0.23951859772205353,0.9286496639251709,0.20624692738056183,0.007166432961821557,0.28520856712545667,0.21370856378759656,0.5201000005006791,0.19509999752044682,0.4275199949741364,0.3512199997901917,0.2549999952316284,0.1482599973678589,0.09925998449325557,Shirt->T-shirt/top
runs/augmentation_fixed/tinyvgg_legacy_seed1/tinyvgg,tinyvgg|legacy,legacy,tinyvgg,1,0.9269999861717224,0.926903745445593,0.21227923035621643,0.10632012039422989,0.010674092550575734,0.24365179240703583,0.8834906220436096,0.20959365367889404,0.0054311717763543136,0.29672000365597867,0.22371998982770108,0.529679998755455,0.17698000669479375,0.4032800137996674,0.3880800068378448,0.2891800045967102,0.17738000154495237,0.11245999336242674,Shirt->T-shirt/top
runs/augmentation_fixed/tinyvgg_no_aug_seed1/tinyvgg,tinyvgg|no_aug,no_aug,tinyvgg,1,0.9160000085830688,0.9170949914513123,0.2685295045375824,0.12788331508636475,0.034827072224020955,0.330506294965744,1.5497210025787354,0.23523472249507904,0.005245949786901474,0.276322859951428,0.19232286853449687,0.33177999854087825,0.12202000617980957,0.19634001255035405,0.20459998846054073,0.4119399964809418,0.5240400046110153,0.14354001283645634,T-shirt/top->Shirt
runs/augmentation_fixed/tinyvgg_no_crop_seed1/tinyvgg,tinyvgg|no_crop,no_crop,tinyvgg,1,0.9355999827384949,0.9352369938788782,0.19465257227420807,0.09638869017362595,0.012503657764196397,0.2562252879142761,0.8793135285377502,0.19266372919082642,0.008960083256661892,0.2579371456589018,0.19353712839739667,0.3869999945163727,0.15132000446319582,0.2101800084114075,0.2403400063514709,0.2982000023126602,0.43285999894142146,0.08566000461578371,Shirt->T-shirt/top
runs/augmentation_fixed/tinyvgg_no_flip_seed1/tinyvgg,tinyvgg|no_flip,no_flip,tinyvgg,1,0.9279000163078308,0.927641988586554,0.20381569862365723,0.10377158224582672,0.005863825087249279,0.097602978348732,0.9439243078231812,0.20362317562103271,0.00884072286337614,0.2717942804098129,0.19969429671764372,0.5094599932432174,0.17715997695922847,0.3921999990940094,0.37758000493049626,0.2270799934864044,0.12336000204086306,0.09571999311447144,Shirt->T-shirt/top
runs/augmentation_fixed/tinyvgg_no_mixup_cutmix_seed1/tinyvgg,tinyvgg|no_mixup_cutmix,no_mixup_cutmix,tinyvgg,1,0.9280999898910522,0.9279443805588297,0.2075010985136032,0.10573358088731766,0.01763624024093151,0.35629576444625854,1.1796859502792358,0.2016768604516983,0.005385362708568573,0.38816285644258774,0.31626284633364,0.5056199938058853,0.2635200023651123,0.6635200053453445,0.6920199930667877,0.23971998691558838,0.1902400135993958,0.16249999999999998,Shirt->T-shirt/top
runs/augmentation_fixed/tinyvgg_no_rotation_seed1/tinyvgg,tinyvgg|no_rotation,no_rotation,tinyvgg,1,0.9325000047683716,0.9324402928867219,0.194488987326622,0.09781868755817413,0.008054673996567726,0.23463401198387146,0.9036234617233276,0.19296126067638397,0.007936879521608353,0.30073142732892716,0.23323143209729874,0.5407200068235397,0.180460000038147,0.422240000963211,0.3899799883365631,0.34607999622821806,0.13118000030517574,0.09445999860763554,Shirt->T-shirt/top
runs/augmentation_fixed/tinyvgg_full_seed2/tinyvgg,tinyvgg|full,full,tinyvgg,2,0.9239000082015991,0.9238642982323471,0.2151399850845337,0.11052548885345459,0.006455205523967743,0.2774476706981659,0.8871755599975586,0.21494673192501068,0.01001130646765232,0.3053171460117613,0.22921715421336042,0.5199200004339218,0.20650000572204585,0.4522800087928772,0.4475400030612946,0.2618799984455109,0.14610000848770144,0.102999997138977,Shirt->T-shirt/top
runs/augmentation_fixed/tinyvgg_legacy_seed2/tinyvgg,tinyvgg|legacy,legacy,tinyvgg,2,0.9282000064849854,0.9277955664630209,0.21854816377162933,0.10924350470304489,0.012747792367637158,0.18568572402000427,0.8588460683822632,0.21688693761825562,0.012475115329027175,0.3252685746976307,0.25346858118261606,0.5037000060081482,0.19110001325607295,0.5374600023031235,0.49585999250411983,0.27798000574111936,0.15961999893188472,0.11116000413894656,Shirt->T-shirt/top
runs/augmentation_fixed/tinyvgg_no_aug_seed2/tinyvgg,tinyvgg|no_aug,no_aug,tinyvgg,2,0.9154999852180481,0.9146677789914056,0.24196749925613403,0.12330576032400131,0.02581987907886505,0.2949991226196289,1.2404422760009766,0.2310388684272766,0.009847996008396148,0.26705999757562365,0.18255998279367175,0.28822000622749333,0.13419998884201045,0.15134000778198242,0.2113799929618836,0.39667999744415283,0.5517199963331223,0.1358799934387207,Shirt->T-shirt/top
runs/augmentation_fixed/tinyvgg_no_crop_seed2/tinyvgg,tinyvgg|no_crop,no_crop,tinyvgg,2,0.9387999773025513,0.938434380887235,0.18476298451423645,0.09289616346359253,0.005343971920013427,0.25702935457229614,0.9473792910575867,0.18493644893169403,0.008096243864297867,0.25514571368694305,0.19394569098949432,0.34565999507904055,0.16195999383926396,0.2530199885368347,0.23102000951766966,0.2857800096273422,0.42518000006675716,0.08339999914169316,Shirt->T-shirt/top
runs/augmentation_fixed/tinyvgg_no_flip_seed2/tinyvgg,tinyvgg|no_flip,no_flip,tinyvgg,2,0.9298999905586243,0.9297289780689235,0.20331300795078278,0.10278911143541336,0.007168845835328102,0.24629956483840942,0.8818762302398682,0.20181405544281006,0.007386605474352837,0.29722286249910085,0.22712285305772512,0.46010000109672544,0.19354001283645628,0.4713200062513352,0.4926199972629547,0.2385000109672546,0.1301399946212769,0.09434001445770268,Shirt->T-shirt/top
runs/augmentation_fixed/tinyvgg_no_mixup_cutmix_seed2/tinyvgg,tinyvgg|no_mixup_cutmix,no_mixup_cutmix,tinyvgg,2,0.9246000051498413,0.924385937354479,0.21457219123840332,0.1091080829501152,0.017708148735761646,0.26510632038116455,1.1593835353851318,0.2090500295162201,0.00706189368069172,0.3913771437747138,0.3159771489245551,0.4839000016450882,0.25870000123977666,0.6859400033950805,0.6554600059986114,0.27521998882293697,0.2016800045967102,0.17874000072479246,Shirt->T-shirt/top
runs/augmentation_fixed/tinyvgg_no_rotation_seed2/tinyvgg,tinyvgg|no_rotation,no_rotation,tinyvgg,2,0.9280999898910522,0.9278585140294039,0.206377312541008,0.10549309104681015,0.005918728505074978,0.23747341334819794,0.8611312508583069,0.20635949075222015,0.012891474898159505,0.29903428724833897,0.22713427713939122,0.542780002951622,0.19681999683380125,0.38806000053882594,0.38545999526977537,0.3396600127220154,0.14224001169204714,0.09821999073028564,Shirt->T-shirt/top
runs/augmentation_fixed/tinyvgg_full_seed3/tinyvgg,tinyvgg|full,full,tinyvgg,3,0.9315999746322632,0.9314084117849684,0.19919908046722412,0.10149963945150375,0.008743878141045571,0.1285998523235321,0.8685970306396484,0.1999104917049408,0.011843047907948493,0.28013999675001416,0.21173997138227735,0.5400599926710129,0.20780000686645506,0.3825799942016601,0.3525999963283539,0.2559800028800965,0.12743999958038332,0.0945199847221374,T-shirt/top->Shirt
runs/augmentation_fixed/tinyvgg_legacy_seed3/tinyvgg,tinyvgg|legacy,legacy,tinyvgg,3,0.9207000136375427,0.9199645211298199,0.22888654470443726,0.11498410999774933,0.009275471103191376,0.09389208257198334,0.8320021033287048,0.22806745767593384,0.012770047757029532,0.310665716443743,0.23136573008128575,0.45901999473571775,0.2063000082969666,0.44888000488281254,0.4653400003910064,0.2929199993610382,0.18152000904083254,0.12067999839782717,Shirt->T-shirt/top
runs/augmentation_fixed/tinyvgg_no_aug_seed3/tinyvgg,tinyvgg|no_aug,no_aug,tinyvgg,3,0.9150000214576721,0.9150442734766046,0.37072286009788513,0.1397194266319275,0.05413526785820723,0.21343994140625,2.287403106689453,0.2462041676044464,0.0071149030387401575,0.29326571438993726,0.20826573584760938,0.312200003862381,0.13258000612258913,0.20018000602722164,0.2699199914932251,0.40288000702857973,0.5943599969148636,0.14073998928070064,Shirt->T-shirt/top
runs/augmentation_fixed/tinyvgg_no_crop_seed3/tinyvgg,tinyvgg|no_crop,no_crop,tinyvgg,3,0.9381999969482422,0.9378136839820181,0.18543663620948792,0.0922495499253273,0.005397023352980614,0.12576329708099365,0.9219356179237366,0.18575216829776764,0.009272734561562539,0.26040285740579877,0.19860285435404096,0.36860000491142275,0.161739993095398,0.27868000268936155,0.2236199975013733,0.28817999958992,0.4171400010585785,0.08486000299453733,Shirt->T-shirt/top
runs/augmentation_fixed/tinyvgg_no_flip_seed3/tinyvgg,tinyvgg|no_flip,no_flip,tinyvgg,3,0.9232000112533569,0.9222759385636602,0.2243364453315735,0.11328592896461487,0.007087879100441933,0.10162833333015442,0.8693710565567017,0.22436262667179108,0.008726861953735352,0.2924742839166096,0.21567429516996656,0.4729000002145767,0.19265998601913448,0.4162800073623657,0.4472000002861023,0.26893999576568606,0.14470000267028804,0.10463999509811406,Shirt->T-shirt/top
runs/augmentation_fixed/tinyvgg_no_mixup_cutmix_seed3/tinyvgg,tinyvgg|no_mixup_cutmix,no_mixup_cutmix,tinyvgg,3,0.9315000176429749,0.9313734301207435,0.20348553359508514,0.10337932407855988,0.019084882782399656,0.13665132224559784,1.1811938285827637,0.1959145963191986,0.008219636219739914,0.3998314316783632,0.33133144932133807,0.5173200041055679,0.2970800042152405,0.6950000047683715,0.6975600063800812,0.2569600045681,0.16898000240325928,0.16591999530792234,T-shirt/top->Shirt
runs/augmentation_fixed/tinyvgg_no_rotation_seed3/tinyvgg,tinyvgg|no_rotation,no_rotation,tinyvgg,3,0.9318000078201294,0.9319797446932363,0.19888311624526978,0.10005132108926773,0.010582397001236678,0.22335147112607956,0.8110964894294739,0.19721534848213196,0.01276271556317806,0.2795971393585205,0.21139714717864988,0.5261599957942963,0.17883999347686763,0.31843999624252317,0.35401999950408936,0.33885999321937565,0.14524000883102417,0.09561998844146724,Shirt->T-shirt/top
runs/augmentation_fixed/tinyvgg_full_seed4/tinyvgg,tinyvgg|full,full,tinyvgg,4,0.9302999973297119,0.9300637989743153,0.20597368478775024,0.10380954295396805,0.010143821597099305,0.0990363359451294,0.8645716309547424,0.20496132969856262,0.008677606078982353,0.30151714001383106,0.23181713734354298,0.5019800066947937,0.2235799908638001,0.4434799969196319,0.45097998976707454,0.25852000117301943,0.1365599989891052,0.09551999568939207,Shirt->T-shirt/top
runs/augmentation_fixed/tinyvgg_legacy_seed4/tinyvgg,tinyvgg|legacy,legacy,tinyvgg,4,0.9265000224113464,0.9261647984457568,0.2079981416463852,0.10542452335357666,0.009648276491463183,0.09173460304737091,0.8625614643096924,0.20604203641414642,0.010899882493913174,0.3115714286054883,0.23807145101683475,0.5561999946832656,0.1875400066375732,0.4048200070858001,0.47561999857425685,0.26547999978065495,0.18350000381469722,0.10783998966217045,Shirt->T-shirt/top
runs/augmentation_fixed/tinyvgg_no_aug_seed4/tinyvgg,tinyvgg|no_aug,no_aug,tinyvgg,4,0.9154999852180481,0.9157057194375481,0.24683618545532227,0.12425588071346283,0.02900643913149834,0.32719871401786804,1.3768740892410278,0.22912493348121643,0.008457108467817307,0.2966057166457176,0.2121057018637657,0.33593999147415166,0.13634002208709717,0.217140007019043,0.26887999773025517,0.39346001148223875,0.5678199902176857,0.15665999650955198,T-shirt/top->Shirt
runs/augmentation_fixed/tinyvgg_no_crop_seed4/tinyvgg,tinyvgg|no_crop,no_crop,tinyvgg,4,0.9301999807357788,0.9295019572293025,0.20315195620059967,0.10134799778461456,0.00715583373606205,0.10700877010822296,0.8886522650718689,0.20169951021671295,0.009319560354948044,0.2622628561088017,0.1924628368445805,0.41099999547004695,0.1604200005531311,0.18956000804901119,0.24809999465942378,0.29179999232292175,0.4436199963092804,0.09134000539779663,Shirt->T-shirt/top
runs/augmentation_fixed/tinyvgg_no_flip_seed4/tinyvgg,tinyvgg|no_flip,no_flip,tinyvgg,4,0.9136999845504761,0.9127456018914339,0.24427521228790283,0.12509192526340485,0.006400538237392902,0.09799031913280487,0.9207202196121216,0.24440358579158783,0.010663306406140329,0.2696657099894115,0.18336569453988755,0.41665999293327327,0.15740000009536748,0.41598000228404997,0.38321999907493587,0.21840000748634336,0.17441998720169072,0.1215799808502197,Shirt->T-shirt/top
runs/augmentation_fixed/tinyvgg_no_mixup_cutmix_seed4/tinyvgg,tinyvgg|no_mixup_cutmix,no_mixup_cutmix,tinyvgg,4,0.9158999919891357,0.9158708762924259,0.23550055921077728,0.12197951972484589,0.0133788024276495,0.7345314621925354,1.084580898284912,0.23304863274097443,0.008960421618819235,0.3876114300319126,0.30351142202104836,0.4821199953556061,0.265720009803772,0.6735400021076202,0.70450000166893,0.2605599939823151,0.16913999319076534,0.15770001411437984,T-shirt/top->Shirt
runs/augmentation_fixed/tinyvgg_no_rotation_seed4/tinyvgg,tinyvgg|no_rotation,no_rotation,tinyvgg,4,0.9368000030517578,0.9364919391122122,0.1877317577600479,0.09325990080833435,0.008184680959582328,0.19540277123451233,0.879684329032898,0.18601641058921814,0.008651247811317445,0.2712314277887344,0.2080314308404922,0.4466799944639206,0.1870200157165527,0.3475799977779388,0.3471400082111359,0.34051998853683474,0.13985998630523677,0.08982000350952146,Shirt->T-shirt/top
