group,n_members,member_accuracy_mean,ensemble_accuracy,member_nll_mean,ensemble_nll,member_brier_mean,ensemble_brier,member_ece_mean,ensemble_ece,member_accuracy_best,accuracy_gain,disagreement
tinyvgg|no_crop,5,0.9332599997520447,0.9412000179290771,0.19769280552864074,0.17698560655117035,0.09965787231922149,0.08858444541692734,0.007175470370352268,0.020371931694447995,0.9398000240325928,0.007940018177032493,0.09399999678134918
tinyvgg|no_rotation,5,0.929260003566742,0.9380000233650208,0.2075046956539154,0.18549802899360657,0.10527895539999008,0.09315301477909088,0.011204993108510971,0.026381353564560416,0.9359999895095825,0.008740019798278764,0.10209999978542328
resnet|default,5,0.9256799936294555,0.9376999735832214,0.21894181668758392,0.1927032470703125,0.11030876785516738,0.0944618210196495,0.015346468126028776,0.033718968655169004,0.9399999976158142,0.012019979953765914,0.12160000205039978
tinyvgg|no_flip,5,0.9258399963378906,0.9366999864578247,0.2143628180027008,0.19099590182304382,0.10856015384197235,0.09596201032400131,0.00733602965503931,0.02281481469869614,0.9312000274658203,0.010859990119934104,0.10840000212192535
tinyvgg|full,5,0.9238000035285949,0.9344000220298767,0.22081007957458496,0.20131699740886688,0.11142063736915589,0.10008752346038818,0.00931799040287733,0.02557417121082544,0.9282000064849854,0.010600018501281783,0.10239999741315842
tinyvgg|no_mixup_cutmix,5,0.9228999972343445,0.9341999888420105,0.22422115206718446,0.18991073966026306,0.11430987864732742,0.09921032190322876,0.019391936813294885,0.006759918789565563,0.9294000267982483,0.011299991607666038,0.1103999987244606
tinyvgg|no_aug,5,0.9172600030899047,0.933899998664856,0.29543952345848085,0.19113703072071075,0.1284340500831604,0.09769151359796524,0.038933433862924575,0.007584807455539704,0.9186000227928162,0.016639995574951216,0.14579999446868896
tinyvgg|default,5,0.9224799990653991,0.9327999949455261,0.22668203115463256,0.206610769033432,0.11392105370759964,0.10223636031150818,0.011546263501644135,0.02850897116065025,0.9273999929428101,0.010319995880126998,0.10989999771118164
minicnn|default,5,0.8999799966812134,0.9110000133514404,0.28036787509918215,0.25920569896698,0.1439877688884735,0.13147373497486115,0.01499237371504307,0.033575126314163206,0.9059000015258789,0.011020016670227006,0.13079999387264252
